{"cameraMode":{"drawMode":0,"name":"Shaded","section":"Shading Mode"},"sceneLighting":true,"audioPlay":false,"sceneViewState":{"m_AlwaysRefresh":false,"showFog":true,"showSkybox":true,"showFlares":true,"showImageEffects":true,"showParticleSystems":true,"showVisualEffectGraphs":true,"m_FxEnabled":false},"in2DMode":false,"pivot":{"x":0.2751390039920807,"y":0.422541081905365,"z":0.5070069432258606},"rotation":{"x":0.2982804775238037,"y":-0.41142114996910097,"z":0.14448904991149903,"w":0.8491005897521973},"size":0.3413366377353668,"orthographic":false}