{"cameraMode":{"drawMode":0,"name":"Shaded","section":"Shading Mode"},"sceneLighting":true,"audioPlay":false,"sceneViewState":{"m_AlwaysRefresh":false,"showFog":true,"showSkybox":true,"showFlares":true,"showImageEffects":true,"showParticleSystems":true,"showVisualEffectGraphs":true,"m_FxEnabled":false},"in2DMode":false,"pivot":{"x":0.16865789890289308,"y":0.6472395658493042,"z":-0.12987634539604188},"rotation":{"x":0.6331734657287598,"y":-0.0796084776520729,"z":0.06580021232366562,"w":0.7674761414527893},"size":1.0889852046966553,"orthographic":true}