{"cameraMode":{"drawMode":0,"name":"Shaded","section":"Shading Mode"},"sceneLighting":true,"audioPlay":false,"sceneViewState":{"m_AlwaysRefresh":false,"showFog":true,"showSkybox":true,"showFlares":true,"showImageEffects":true,"showParticleSystems":true,"showVisualEffectGraphs":true,"m_FxEnabled":false},"in2DMode":false,"pivot":{"x":-1.0350216627120972,"y":-1.5604557991027833,"z":-1.458425521850586},"rotation":{"x":0.13483388721942902,"y":-0.8482814431190491,"z":0.44195565581321719,"w":0.25878822803497317},"size":2.061629295349121,"orthographic":false}