{"cameraMode":{"drawMode":0,"name":"Shaded","section":"Shading Mode"},"sceneLighting":true,"audioPlay":false,"sceneViewState":{"m_AlwaysRefresh":false,"showFog":true,"showSkybox":true,"showFlares":true,"showImageEffects":true,"showParticleSystems":true,"showVisualEffectGraphs":true,"m_FxEnabled":false},"in2DMode":false,"pivot":{"x":9.0653715133667,"y":0.11041983217000961,"z":2.1357691287994386},"rotation":{"x":0.05934466794133186,"y":-0.8524508476257324,"z":0.09914997220039368,"w":0.5099461078643799},"size":1.7852219343185425,"orthographic":false}