{"cameraMode":{"drawMode":0,"name":"Shaded","section":"Shading Mode"},"sceneLighting":true,"audioPlay":false,"sceneViewState":{"m_AlwaysRefresh":false,"showFog":true,"showSkybox":true,"showFlares":true,"showImageEffects":true,"showParticleSystems":true,"showVisualEffectGraphs":true,"m_FxEnabled":false},"in2DMode":false,"pivot":{"x":892.0884399414063,"y":487.05670166015627,"z":-5.82525634765625},"rotation":{"x":0.014625036157667637,"y":-0.0937553122639656,"z":-0.0013775938423350454,"w":-0.9954887628555298},"size":519.3687744140625,"orthographic":false}