{"cameraMode":{"drawMode":0,"name":"Shaded","section":"Shading Mode"},"sceneLighting":true,"audioPlay":false,"sceneViewState":{"m_AlwaysRefresh":false,"showFog":true,"showSkybox":true,"showFlares":true,"showImageEffects":true,"showParticleSystems":true,"showVisualEffectGraphs":true,"m_FxEnabled":false},"in2DMode":false,"pivot":{"x":1052.0933837890625,"y":613.4434204101563,"z":73.9466552734375},"rotation":{"x":-0.004191748797893524,"y":-0.016189487650990487,"z":-0.00011616804113145918,"w":0.9999085068702698},"size":1063.2227783203125,"orthographic":false}