{"cameraMode":{"drawMode":0,"name":"Shaded","section":"Shading Mode"},"sceneLighting":true,"audioPlay":false,"sceneViewState":{"m_AlwaysRefresh":false,"showFog":true,"showSkybox":true,"showFlares":true,"showImageEffects":true,"showParticleSystems":true,"showVisualEffectGraphs":true,"m_FxEnabled":false},"in2DMode":false,"pivot":{"x":-0.14661955833435059,"y":0.01271820068359375,"z":-0.26250648498535159},"rotation":{"x":-0.050128962844610217,"y":0.8920285701751709,"z":-0.10246236622333527,"w":-0.43755143880844118},"size":1.3376853466033936,"orthographic":false}