{"cameraMode":{"drawMode":0,"name":"Shaded","section":"Shading Mode"},"sceneLighting":true,"audioPlay":false,"sceneViewState":{"m_AlwaysRefresh":false,"showFog":true,"showSkybox":true,"showFlares":true,"showImageEffects":true,"showParticleSystems":true,"showVisualEffectGraphs":true,"m_FxEnabled":false},"in2DMode":false,"pivot":{"x":1.6176215410232545,"y":-1.0991857051849366,"z":-2.1364002227783205},"rotation":{"x":0.21982771158218385,"y":0.27106407284736636,"z":-0.0635819062590599,"w":0.9352811574935913},"size":0.9593405723571777,"orthographic":true}