{"cameraMode":{"drawMode":0,"name":"Shaded","section":"Shading Mode"},"sceneLighting":true,"audioPlay":false,"sceneViewState":{"m_AlwaysRefresh":false,"showFog":true,"showSkybox":true,"showFlares":true,"showImageEffects":true,"showParticleSystems":true,"showVisualEffectGraphs":true,"m_FxEnabled":false},"in2DMode":false,"pivot":{"x":-0.8438562154769898,"y":0.35789754986763,"z":0.1681346893310547},"rotation":{"x":-0.0015753312036395074,"y":-0.9246957898139954,"z":-0.0038839979097247125,"w":0.38075754046440127},"size":1.0053374767303467,"orthographic":false}