{"cameraMode":{"drawMode":0,"name":"Shaded","section":"Shading Mode"},"sceneLighting":true,"audioPlay":false,"sceneViewState":{"m_AlwaysRefresh":false,"showFog":true,"showSkybox":true,"showFlares":true,"showImageEffects":true,"showParticleSystems":true,"showVisualEffectGraphs":true,"m_FxEnabled":false},"in2DMode":false,"pivot":{"x":898.0997314453125,"y":561.0398559570313,"z":139.47747802734376},"rotation":{"x":0.07672875374555588,"y":0.01227162778377533,"z":-0.0009784590220078827,"w":0.9970158934593201},"size":438.6088562011719,"orthographic":false}