{"cameraMode":{"drawMode":0,"name":"Shaded","section":"Shading Mode"},"sceneLighting":true,"audioPlay":false,"sceneViewState":{"m_AlwaysRefresh":false,"showFog":true,"showSkybox":true,"showFlares":true,"showImageEffects":true,"showParticleSystems":true,"showVisualEffectGraphs":true,"m_FxEnabled":false},"in2DMode":false,"pivot":{"x":-0.2502589225769043,"y":0.3380647301673889,"z":0.13520848751068116},"rotation":{"x":0.14934112131595612,"y":0.8390718102455139,"z":0.28568264842033389,"w":-0.43842750787734988},"size":1.0289863348007203,"orthographic":false}