{"cameraMode":{"drawMode":0,"name":"Shaded","section":"Shading Mode"},"sceneLighting":true,"audioPlay":false,"sceneViewState":{"m_AlwaysRefresh":false,"showFog":true,"showSkybox":true,"showFlares":true,"showImageEffects":true,"showParticleSystems":true,"showVisualEffectGraphs":true,"m_FxEnabled":false},"in2DMode":false,"pivot":{"x":0.09192914515733719,"y":0.7462247610092163,"z":-0.08229440450668335},"rotation":{"x":0.22980350255966187,"y":-0.4273136556148529,"z":0.11393798142671585,"w":0.8673169612884522},"size":0.2512505054473877,"orthographic":true}