{"cameraMode":{"drawMode":0,"name":"Shaded","section":"Shading Mode"},"sceneLighting":true,"audioPlay":false,"sceneViewState":{"m_AlwaysRefresh":false,"showFog":true,"showSkybox":true,"showFlares":true,"showImageEffects":true,"showParticleSystems":true,"showVisualEffectGraphs":true,"m_FxEnabled":false},"in2DMode":false,"pivot":{"x":685.8734130859375,"y":506.0992126464844,"z":17.7379150390625},"rotation":{"x":-0.007807793095707893,"y":-0.02190082147717476,"z":0.0001708455674815923,"w":-0.9997313618659973},"size":423.0226745605469,"orthographic":false}