{"cameraMode":{"drawMode":0,"name":"Shaded","section":"Shading Mode"},"sceneLighting":true,"audioPlay":false,"sceneViewState":{"m_AlwaysRefresh":false,"showFog":true,"showSkybox":true,"showFlares":true,"showImageEffects":true,"showParticleSystems":true,"showVisualEffectGraphs":true,"m_FxEnabled":false},"in2DMode":false,"pivot":{"x":0.02199999988079071,"y":0.7567999958992004,"z":-0.005799999926239252},"rotation":{"x":0.5503592491149902,"y":-0.03870609030127525,"z":0.02564960904419422,"w":0.8339916467666626},"size":0.1616450995206833,"orthographic":true}