{"cameraMode":{"drawMode":0,"name":"Shaded","section":"Shading Mode"},"sceneLighting":true,"audioPlay":false,"sceneViewState":{"m_AlwaysRefresh":false,"showFog":true,"showSkybox":true,"showFlares":true,"showImageEffects":true,"showParticleSystems":true,"showVisualEffectGraphs":true,"m_FxEnabled":false},"in2DMode":false,"pivot":{"x":974.3805541992188,"y":286.85430908203127,"z":689.70947265625},"rotation":{"x":0.051008809357881549,"y":0.10679860413074494,"z":-0.005352053791284561,"w":0.9930556416511536},"size":1184.3963623046875,"orthographic":false}