{"cameraMode":{"drawMode":0,"name":"Shaded","section":"Shading Mode"},"sceneLighting":false,"audioPlay":false,"sceneViewState":{"m_AlwaysRefresh":false,"showFog":true,"showSkybox":false,"showFlares":true,"showImageEffects":true,"showParticleSystems":true,"showVisualEffectGraphs":true,"m_FxEnabled":false},"in2DMode":false,"pivot":{"x":-0.00015359371900558472,"y":0.8302739262580872,"z":0.018279194831848146},"rotation":{"x":0.05829339474439621,"y":0.6418008208274841,"z":-0.0491703636944294,"w":0.7634343504905701},"size":0.1292043775320053,"orthographic":true}