{"cameraMode":{"drawMode":0,"name":"Shaded","section":"Shading Mode"},"sceneLighting":false,"audioPlay":false,"sceneViewState":{"m_AlwaysRefresh":false,"showFog":true,"showSkybox":false,"showFlares":true,"showImageEffects":true,"showParticleSystems":true,"showVisualEffectGraphs":true,"m_FxEnabled":false},"in2DMode":false,"pivot":{"x":-0.0025614462792873384,"y":0.7651417851448059,"z":-0.08531200140714646},"rotation":{"x":-0.020447853952646257,"y":-0.817977249622345,"z":-0.029859861359000207,"w":0.5745996236801148},"size":0.09573869407176972,"orthographic":true}