{"cameraMode":{"drawMode":0,"name":"Shaded","section":"Shading Mode"},"sceneLighting":false,"audioPlay":false,"sceneViewState":{"m_AlwaysRefresh":false,"showFog":true,"showSkybox":false,"showFlares":true,"showImageEffects":true,"showParticleSystems":true,"showVisualEffectGraphs":true,"m_FxEnabled":false},"in2DMode":false,"pivot":{"x":11.382355690002442,"y":-16.916152954101564,"z":-1.8672806024551392},"rotation":{"x":0.18008461594581605,"y":0.8158916234970093,"z":-0.432395339012146,"w":0.33990389108657839},"size":16.415218353271486,"orthographic":true}