{"cameraMode":{"drawMode":0,"name":"Shaded","section":"Shading Mode"},"sceneLighting":false,"audioPlay":false,"sceneViewState":{"m_AlwaysRefresh":false,"showFog":true,"showSkybox":false,"showFlares":true,"showImageEffects":true,"showParticleSystems":true,"showVisualEffectGraphs":true,"m_FxEnabled":false},"in2DMode":false,"pivot":{"x":-0.00015359371900558472,"y":0.8386738896369934,"z":0.018279194831848146},"rotation":{"x":-0.027057161554694177,"y":-0.7160782814025879,"z":0.027830366045236589,"w":-0.697333574295044},"size":0.1292043775320053,"orthographic":true}